<?xml version="1.0" encoding="UTF-8"?>

<mule xmlns:ee="http://www.mulesoft.org/schema/mule/ee/core" xmlns:file="http://www.mulesoft.org/schema/mule/file"
	xmlns:http="http://www.mulesoft.org/schema/mule/http"
	xmlns="http://www.mulesoft.org/schema/mule/core" xmlns:doc="http://www.mulesoft.org/schema/mule/documentation" xmlns:xsi="http://www.w3.org/2001/XMLSchema-instance" xsi:schemaLocation="http://www.mulesoft.org/schema/mule/core http://www.mulesoft.org/schema/mule/core/current/mule.xsd
http://www.mulesoft.org/schema/mule/http http://www.mulesoft.org/schema/mule/http/current/mule-http.xsd
http://www.mulesoft.org/schema/mule/file http://www.mulesoft.org/schema/mule/file/current/mule-file.xsd
http://www.mulesoft.org/schema/mule/ee/core http://www.mulesoft.org/schema/mule/ee/core/current/mule-ee.xsd">
	<http:listener-config name="HTTP_Listener_config" doc:name="HTTP Listener config" doc:id="7ed35df7-0843-44d9-847c-c4f9c30a91e2" >
		<http:listener-connection host="0.0.0.0" port="8081" />
	</http:listener-config>
	<flow name="scatterFlow" doc:id="ca1bc4c5-647c-416c-905e-c08380851b7f" >
		<http:listener doc:name="Listener" doc:id="6ac0a2e5-7d49-4cba-8c27-ec5ba7d78313" config-ref="HTTP_Listener_config" path="/testfile"/>
		<scatter-gather doc:name="Scatter-Gather" doc:id="ccbace02-a03c-48c5-aeb7-45f3f708619f" >
			<route >
				<file:write doc:name="Write" doc:id="e941c06a-efc2-46bc-95f1-9ca24d9d3bcb" path="C:\\scatter\\1\\1.json"/>
			</route>
			<route >
				<http:request method="POST" doc:name="Request" doc:id="804fc6d6-52ac-48c3-82a9-089c137c754d" url="http://localhost:8081/test1"/>
			</route>
		</scatter-gather>
		<ee:transform doc:name="Transform Message" doc:id="8f013d87-26da-4904-a528-7c7e06937871" >
			<ee:message >
				<ee:set-payload ><![CDATA[%dw 2.0
output application/json
---
payload]]></ee:set-payload>
			</ee:message>
		</ee:transform>
	</flow>
	<flow name="scatterFlow1" doc:id="40fbeb93-7b20-40d1-871a-ccd58448ff21" >
		<http:listener doc:name="Listener" doc:id="242b52da-206c-4931-9150-b41cceee7391" config-ref="HTTP_Listener_config" path="/test1"/>
		<logger level="INFO" doc:name="Logger" doc:id="2ac8c044-f630-42b0-97dc-77b48e1b15d5" message="#[payload]"/>
	</flow>
</mule>
