<?xml version="1.0" encoding="UTF-8"?>

<mule xmlns:ee="http://www.mulesoft.org/schema/mule/ee/core" xmlns:tls="http://www.mulesoft.org/schema/mule/tls"
	xmlns:http="http://www.mulesoft.org/schema/mule/http"
	xmlns="http://www.mulesoft.org/schema/mule/core" xmlns:doc="http://www.mulesoft.org/schema/mule/documentation" xmlns:xsi="http://www.w3.org/2001/XMLSchema-instance" xsi:schemaLocation="http://www.mulesoft.org/schema/mule/core http://www.mulesoft.org/schema/mule/core/current/mule.xsd
http://www.mulesoft.org/schema/mule/http http://www.mulesoft.org/schema/mule/http/current/mule-http.xsd
http://www.mulesoft.org/schema/mule/tls http://www.mulesoft.org/schema/mule/tls/current/mule-tls.xsd
http://www.mulesoft.org/schema/mule/ee/core http://www.mulesoft.org/schema/mule/ee/core/current/mule-ee.xsd">
	<http:listener-config name="HTTP_Listener_config" doc:name="HTTP Listener config" doc:id="2f2b91fa-85cf-471c-bfcc-54dffa276d77" >
		<http:listener-connection protocol="HTTPS" host="0.0.0.0" port="8082" >
			<tls:context >
				<tls:key-store type="jks" path="mule.jks" keyPassword="password" password="password" />
			</tls:context>
		</http:listener-connection>
	</http:listener-config>
	<flow name="https_serverFlow" doc:id="16657a1d-62bb-41a0-837e-3db037434b02" >
		<http:listener doc:name="Listener" doc:id="70d1d438-729e-45a3-ab95-5f683ac93855" config-ref="HTTP_Listener_config" path="/test"/>
		<ee:transform doc:name="Transform Message" doc:id="b248c09d-dad9-4857-a2c2-5627b6f34580" >
			<ee:message >
				<ee:set-payload ><![CDATA[%dw 2.0
output application/json
---
{
	message : "your https service is created "
}]]></ee:set-payload>
			</ee:message>
		</ee:transform>
	</flow>
</mule>
