<?xml version="1.0" encoding="UTF-8"?>

<mule xmlns:ee="http://www.mulesoft.org/schema/mule/ee/core" xmlns:http="http://www.mulesoft.org/schema/mule/http"
	xmlns="http://www.mulesoft.org/schema/mule/core"
	xmlns:doc="http://www.mulesoft.org/schema/mule/documentation" xmlns:xsi="http://www.w3.org/2001/XMLSchema-instance" xsi:schemaLocation="http://www.mulesoft.org/schema/mule/core http://www.mulesoft.org/schema/mule/core/current/mule.xsd
http://www.mulesoft.org/schema/mule/http http://www.mulesoft.org/schema/mule/http/current/mule-http.xsd
http://www.mulesoft.org/schema/mule/ee/core http://www.mulesoft.org/schema/mule/ee/core/current/mule-ee.xsd">
	<http:listener-config name="HTTP_Listener_config" doc:name="HTTP Listener config" doc:id="ca6f2fff-42bc-4eb3-8bf0-241c9ef4ac58" basePath="/getTimeZoneInfo" >
		<http:listener-connection host="0.0.0.0" port="8081" />
	</http:listener-config>
	<http:request-config name="HTTP_Request_configuration" doc:name="HTTP Request configuration" doc:id="2ee02b83-e0b6-4542-a605-9ab627b11f4e" basePath="/api/" >
		<http:request-connection host="worldtimeapi.org" port="80" />
	</http:request-config>
	<flow name="error-demoFlow" doc:id="ca70e800-7303-463a-bff9-55baacff14cb" >
		<http:listener doc:name="Listener" doc:id="b9088c30-3d75-482b-807f-ef3e88580ffc" config-ref="HTTP_Listener_config" path="/{region}/{city}">
			<http:error-response >
				<http:body ><![CDATA[#[output text/plain --- 
payload]]]></http:body>
			</http:error-response>
		</http:listener>
		<logger level="INFO" doc:name="Logger" doc:id="573f0bda-98ee-4d9f-9c2b-2417614375f1" message="#[(attributes.uriParams.region default '') ++ (attributes.uriParams.city default '')]"/>
		<http:request method="GET" doc:name="Request" doc:id="91168cff-0f6c-47de-816f-68a45e727a8f" config-ref="HTTP_Request_configuration" path="/{region}/{city}">
			<http:uri-params ><![CDATA[#[output application/java
---
{
	region: attributes.uriParams.region,
	city: attributes.uriParams.city
}]]]></http:uri-params>
		</http:request>
		<logger level="INFO" doc:name="Logger" doc:id="0cb68ae0-8a0e-4351-b056-3a9829cf1d98" message="end of flow"/>
		<error-handler >
			<on-error-continue enableNotifications="true" logException="true" doc:name="On Error Continue" doc:id="473ffbc8-1af0-4cf9-ab3c-ba556c458362" type="HTTP:NOT_FOUND">
				<ee:transform doc:name="Transform Message" doc:id="0a2e7461-1ab8-4a7c-8431-0a5997068288" >
					<ee:message >
						<ee:set-payload ><![CDATA[%dw 2.0
output application/java
---
{
	message:"error reported".error.description
}]]></ee:set-payload>
					</ee:message>
				</ee:transform>
			</on-error-continue>
		</error-handler>
	</flow>
</mule>
