<?xml version="1.0" encoding="UTF-8"?>

<mule xmlns:ee="http://www.mulesoft.org/schema/mule/ee/core" xmlns:http="http://www.mulesoft.org/schema/mule/http"
	xmlns="http://www.mulesoft.org/schema/mule/core"
	xmlns:doc="http://www.mulesoft.org/schema/mule/documentation" xmlns:xsi="http://www.w3.org/2001/XMLSchema-instance" xsi:schemaLocation="http://www.mulesoft.org/schema/mule/core http://www.mulesoft.org/schema/mule/core/current/mule.xsd
http://www.mulesoft.org/schema/mule/http http://www.mulesoft.org/schema/mule/http/current/mule-http.xsd
http://www.mulesoft.org/schema/mule/ee/core http://www.mulesoft.org/schema/mule/ee/core/current/mule-ee.xsd">
	<http:listener-config name="HTTP_Listener_config" doc:name="HTTP Listener config" doc:id="09224ec0-9696-4ad1-90c3-fecf209986fa" >
		<http:listener-connection host="0.0.0.0" port="8081" />
	</http:listener-config>
	<flow name="dataweaveFlow" doc:id="4fb5a168-716c-4910-a790-c6b381d0f057" >
		<http:listener doc:name="Listener" doc:id="74c6c5b5-d97e-4e02-80ab-af96a9e2c0bf" path="/flights" allowedMethods="POST" config-ref="HTTP_Listener_config" outputMimeType="application/json"/>
		<ee:transform doc:name="Transform Message" doc:id="4a064242-2def-44eb-a6ab-f24a24e6aaea" >
			<ee:message >
				<ee:set-payload ><![CDATA[%dw 2.0
output application/json
---
flights:{
desc:"Flight Details",
price:payload.price,
start:payload.fromAirportcode,
end:payload.toAirportcode,
totalSeat:payload.totalseats,
emptSeats:payload.emptySeats

}]]></ee:set-payload>
			</ee:message>
		</ee:transform>
		<logger level="INFO" doc:name="Logger" doc:id="210527b0-75a3-47ab-b5e0-9b962c06bdbe" message="#[payload]"/>
	</flow>
	<flow name="dataweaveFlow1" doc:id="408ec41f-c503-43ec-bcda-aec177905bcf" >
		<http:listener doc:name="Listener" doc:id="521ba9b6-162b-499a-b945-a9fc8715b0a3" config-ref="HTTP_Listener_config" path="/transform" outputMimeType="application/json" allowedMethods="POST"/>
		<ee:transform doc:name="Transform Message" doc:id="8e51f56e-77e5-4ea2-b002-505287592438" >
			<ee:message >
				<ee:set-payload ><![CDATA[%dw 2.0
output application/Java
---
"flightDetails":payload map{
	"index":$$,
	"values": 
	{
		"flightcode":$.flightcode,
		"price":$.price,
		"planetype":$.planetype,
		"totalseats":$.totalseats
	}
}]]></ee:set-payload>
			</ee:message>
		</ee:transform>
		<logger level="INFO" doc:name="Logger" doc:id="5cdefb73-9e50-41f3-9d6c-f346b13fc41e" message="#[payload]"/>
	</flow>
</mule>
