<?xml version="1.0" encoding="UTF-8"?>

<mule xmlns:ee="http://www.mulesoft.org/schema/mule/ee/core" xmlns:http="http://www.mulesoft.org/schema/mule/http"
	xmlns:db="http://www.mulesoft.org/schema/mule/db"
	xmlns="http://www.mulesoft.org/schema/mule/core" xmlns:doc="http://www.mulesoft.org/schema/mule/documentation" xmlns:xsi="http://www.w3.org/2001/XMLSchema-instance" xsi:schemaLocation="http://www.mulesoft.org/schema/mule/core http://www.mulesoft.org/schema/mule/core/current/mule.xsd
http://www.mulesoft.org/schema/mule/db http://www.mulesoft.org/schema/mule/db/current/mule-db.xsd
http://www.mulesoft.org/schema/mule/http http://www.mulesoft.org/schema/mule/http/current/mule-http.xsd
http://www.mulesoft.org/schema/mule/ee/core http://www.mulesoft.org/schema/mule/ee/core/current/mule-ee.xsd">
	<http:listener-config name="HTTP_Listener_config" doc:name="HTTP Listener config" doc:id="88e70a28-a86b-4969-8cf5-1102668db5ab">
		<http:listener-connection host="0.0.0.0" port="8087" />
	</http:listener-config>
	<db:config name="Database_Config" doc:name="Database Config" doc:id="33fd15cb-fe3c-478f-aaf7-d123cd067f13" >
		<db:my-sql-connection host="localhost" port="3306" user="root" password="32Apple32=" database="employeedata" />
	</db:config>
	<flow name="databaseFlow" doc:id="8bfaf036-b4b8-4911-98df-50d38267474e" >
		<http:listener doc:name="Listener" doc:id="da18f9f4-f9ce-47cc-b821-7ff941491f48" config-ref="HTTP_Listener_config" path="/dbconfig" outputMimeType="application/json"/>
		<logger level="INFO" doc:name="Logger" doc:id="a35f8c8d-fc19-46dc-8ddc-7cfc8f6196a5" message="connection to database...."/>
		<db:select doc:name="Select" doc:id="59ca0c2c-d8f2-407c-946f-dee68f5618f9" config-ref="Database_Config">
			<db:sql ><![CDATA[SELECT * FROM employeedata.details;]]></db:sql>
		</db:select>
		<ee:transform doc:name="Transform Message" doc:id="0b3509ac-ebb8-4eff-9c4b-4091096cd3d2" >
			<ee:message >
				<ee:set-payload ><![CDATA[%dw 2.0
output application/json
---
payload]]></ee:set-payload>
			</ee:message>
		</ee:transform>
	</flow>
</mule>
