<?xml version="1.0" encoding="UTF-8"?>

<mule xmlns:ee="http://www.mulesoft.org/schema/mule/ee/core" xmlns:http="http://www.mulesoft.org/schema/mule/http"
	xmlns="http://www.mulesoft.org/schema/mule/core"
	xmlns:doc="http://www.mulesoft.org/schema/mule/documentation" xmlns:xsi="http://www.w3.org/2001/XMLSchema-instance" xsi:schemaLocation="http://www.mulesoft.org/schema/mule/core http://www.mulesoft.org/schema/mule/core/current/mule.xsd
http://www.mulesoft.org/schema/mule/http http://www.mulesoft.org/schema/mule/http/current/mule-http.xsd
http://www.mulesoft.org/schema/mule/ee/core http://www.mulesoft.org/schema/mule/ee/core/current/mule-ee.xsd">
	<configuration-properties doc:name="Configuration properties" doc:id="a8fbf87e-ee85-4d04-8616-6bd9b32ce27e" file="${env}-config.properties" />
	<global-property doc:name="Global Property" doc:id="a709f784-9401-421e-80d4-936425d4b920" name="env" value="dev" />
	<http:listener-config name="HTTP_Listener_config" doc:name="HTTP Listener config" doc:id="7730dd50-0f11-4cbe-98a1-e8434d427251" >
		<http:listener-connection host="${http.host}" port="${http.port}" />
	</http:listener-config>
	<flow name="demoFlow" doc:id="47329e33-59bd-4661-9e72-ada023754601" >
		<http:listener doc:name="Listener" doc:id="be890e29-6e8a-4e60-8a16-3d7d36f06eb5" config-ref="HTTP_Listener_config" path="/hellodemo"/>
		<ee:transform doc:name="Transform Message" doc:id="9595ab5a-056c-4c89-8ad9-0f4957786a7c" >
			<ee:message >
				<ee:set-payload ><![CDATA[%dw 2.0
output application/json
---
{
	"Responsemessage":p("resp.message")
}]]></ee:set-payload>
			</ee:message>
		</ee:transform>
	</flow>
</mule>
