<?xml version='1.0' encoding='UTF-8'?>
<types:mule xmlns:types="http://www.mulesoft.org/schema/mule/types">
  <types:catalog>
    <types:type name="json_request" format="json">
      <types:shape format="weave" example="examples/flight-example.json"><![CDATA[%dw 2.0

type json_request = Array<{|  airline: String,   flightcode: String,   fromAirportcode: String,   toAirportcode: String,   departureDare: String,   emptySeats: Number {"typeId": "int"},   totalseats: Number {"typeId": "int"},   price: Number {"typeId": "int"},   planetype: String|}> {"example": "[{\\\"airline\\\":\\\"unites\\\",\\\"flightcode\\\":\\\"ER39sd\\\",\\\"fromAirportcode\\\":\\\"LAX\\\",\\\"toAirportcode\\\":\\\"SFO\\\",\\\"departureDare\\\":\\\"may 21,2016\\\",\\\"emptySeats\\\":0,\\\"totalseats\\\":200,\\\"price\\\":199,\\\"planetype\\\":\\\"Boeing 737\\\"}]"}

]]></types:shape>
    </types:type>
  </types:catalog>
  <types:enrichment select="#ab323043-a7af-4ac3-94c1-4e60f1f89bec">
    <types:processor-declaration>
      <types:output-event>
        <types:message>
          <types:payload type="json_request"/>
        </types:message>
      </types:output-event>
    </types:processor-declaration>
  </types:enrichment>
</types:mule>